A,B,C,D,E,F,G,H,I,J,K,L,M,N,O,P,Q,R,S,T,U
296,282,159,63,60,98,592,337,88,73,106,547,494,82,39,104,-1,471,128,78,98
298,283,159,63,60,98,591,339,88,73,106,550,492,81,39,104,-1,476,127,77,98
298,283,158,63,60,98,593,343,88,73,106,552,490,81,39,104,-1,479,126,77,98
299,283,157,63,60,98,596,346,88,73,106,555,488,81,39,104,-1,481,125,77,98
300,284,156,63,60,98,599,350,89,73,107,558,487,81,39,103,-1,483,125,77,98
302,285,156,63,60,98,605,353,89,73,107,560,485,81,39,103,-1,485,124,77,98
305,287,155,63,60,98,612,356,89,73,107,563,484,81,39,103,-1,489,123,77,98
308,289,154,62,60,99,618,358,89,73,107,565,483,81,39,103,-1,492,123,77,98
312,290,154,62,60,99,622,360,90,73,107,567,482,81,39,103,-1,495,122,77,98
315,292,153,62,60,99,626,362,90,73,107,568,481,81,39,103,-1,497,121,77,98
317,294,153,62,60,100,630,368,90,73,108,569,480,81,39,103,-1,500,121,77,98
320,296,153,62,60,100,633,372,90,73,108,571,480,81,39,103,-1,501,120,77,98
321,296,152,62,60,100,634,374,90,73,108,572,479,81,39,103,-1,502,120,77,98
322,297,152,62,60,101,633,377,90,73,108,574,479,81,39,103,-1,503,119,77,98
323,297,152,62,60,101,636,378,91,73,108,575,479,80,39,103,-1,500,119,77,98
324,298,152,62,60,101,640,378,91,72,108,577,478,80,39,103,-1,498,118,77,98
326,299,152,62,60,101,650,382,91,73,108,578,478,80,39,103,-1,496,118,77,98
327,299,151,62,60,101,654,385,91,73,108,579,478,80,39,103,-1,493,118,77,98
329,300,151,62,60,101,656,385,92,73,108,580,478,80,39,103,-1,493,117,77,98
333,301,151,62,60,101,659,385,92,73,108,581,478,80,39,103,-1,495,117,77,98
334,301,151,63,60,101,657,385,92,73,108,582,478,80,39,103,-1,491,117,77,98
333,300,151,63,60,102,655,387,93,73,108,584,477,80,39,103,-1,486,116,77,98
332,299,151,63,60,102,653,388,93,73,109,585,477,80,39,103,-1,483,116,77,98
329,298,151,63,60,102,650,388,94,73,109,586,477,80,39,103,-1,479,116,78,98
326,296,151,63,60,102,645,387,94,73,109,587,476,79,39,103,-1,473,116,78,98
323,295,151,63,60,103,639,384,94,73,109,588,476,79,39,103,-1,470,115,78,98
320,293,151,63,60,103,633,383,94,73,109,588,476,79,39,103,-1,464,115,78,98
314,288,151,64,60,103,625,372,94,73,109,585,475,79,39,103,-1,462,115,78,98
308,284,151,64,60,104,622,367,94,73,109,581,474,79,39,103,-1,457,115,78,98
301,280,150,64,60,104,622,361,93,73,109,575,473,79,39,103,-1,451,115,78,98
295,273,150,64,60,104,604,349,93,73,110,567,472,79,39,104,-1,444,115,78,98
289,268,150,64,60,105,593,342,93,73,110,559,470,79,39,104,-1,440,115,78,99
287,265,149,64,60,105,585,339,92,73,110,552,468,79,39,104,-1,437,115,78,99
285,260,149,64,60,106,580,331,92,73,111,542,466,79,39,104,-1,435,116,78,99
285,258,149,64,60,106,574,328,91,73,111,535,464,79,39,104,-1,434,116,78,99
287,255,148,64,60,107,568,324,91,73,111,528,462,78,39,104,-1,434,117,78,99
292,252,147,65,60,108,560,321,91,73,112,519,460,78,40,104,-1,434,118,78,100
298,251,147,65,60,109,554,319,90,73,112,513,459,78,39,104,-1,434,119,78,100
305,251,146,65,60,110,548,318,90,73,112,507,458,78,39,104,-1,436,120,78,100
314,251,146,65,60,111,543,319,90,73,112,501,457,78,39,104,-1,437,122,78,101
320,251,145,65,60,111,539,321,89,73,113,497,458,78,39,104,-1,439,123,78,101
328,252,145,65,60,112,535,323,89,73,113,493,458,78,39,104,-1,442,125,78,101
337,253,144,65,60,113,531,326,89,73,114,489,459,78,39,104,-1,446,126,78,101
340,253,144,65,60,113,529,329,89,74,114,487,460,78,39,104,-1,449,128,79,102
348,255,143,65,60,114,527,334,88,74,114,483,462,78,39,105,-1,453,130,79,102
356,256,143,65,60,115,526,341,88,74,114,480,465,78,39,105,-1,457,132,79,103
360,256,142,65,60,116,525,347,88,74,115,478,469,78,40,105,-1,458,134,79,103
363,256,142,65,60,116,525,352,88,74,115,478,471,78,39,105,-1,459,135,79,104
367,255,141,65,60,117,526,361,88,74,116,476,476,78,39,105,-1,461,138,79,104
371,254,141,65,60,118,526,368,88,74,116,474,480,78,40,105,-1,463,140,79,104
373,254,141,65,61,119,527,373,88,74,117,473,485,78,40,105,-1,465,141,79,105
377,254,141,65,61,120,528,381,88,74,117,472,491,78,40,106,-1,468,143,79,106
380,254,141,65,61,121,528,388,88,74,118,471,496,78,40,106,-1,470,145,80,106
383,254,141,66,61,121,528,394,88,74,118,471,501,78,40,106,-1,472,147,80,107
386,254,141,66,61,122,529,402,88,74,119,470,509,78,40,106,-1,474,149,80,107
390,254,141,66,61,123,530,409,88,74,120,469,515,78,40,106,-1,476,151,80,108
392,254,140,66,61,124,531,415,88,74,120,469,521,78,40,107,-1,477,153,80,108
398,256,141,66,61,125,533,424,88,75,121,469,530,79,40,107,-1,481,155,81,109
409,259,141,66,61,126,534,431,88,75,122,470,537,79,40,107,-1,484,157,81,110
420,262,141,66,61,127,536,439,89,75,122,470,545,79,40,107,-1,487,160,81,111
422,264,141,66,61,127,537,447,89,75,123,471,552,79,40,107,-1,490,162,82,112
423,266,142,66,62,128,539,453,89,75,123,471,560,79,40,108,-1,494,164,82,112
424,269,142,66,62,129,541,458,90,75,124,472,567,79,40,108,-1,498,166,82,113
426,271,143,67,62,130,543,462,90,76,124,472,575,79,40,108,-1,502,168,82,113
429,275,143,67,62,131,546,466,90,76,125,473,584,80,40,108,-1,507,171,83,114
429,277,144,67,62,131,548,467,91,76,125,473,590,80,40,109,-1,511,172,83,114
434,280,144,67,62,131,550,462,91,76,125,474,597,80,40,109,-1,514,174,83,115
436,284,145,67,62,131,553,459,91,77,125,475,606,81,40,109,-1,517,176,84,115
434,287,146,68,63,131,555,454,91,77,125,475,613,81,40,109,-1,517,177,84,115
432,290,147,68,63,130,557,452,91,77,125,476,620,81,40,110,-1,520,177,85,115
430,292,148,68,63,129,559,461,91,77,125,477,626,82,40,110,-1,521,178,85,114
428,295,149,68,63,129,564,474,91,77,124,478,634,82,40,110,-1,522,178,85,114
426,298,150,69,63,128,567,484,91,78,123,479,641,82,41,110,-1,523,178,85,114
428,300,150,69,63,127,571,493,92,78,123,481,648,83,41,111,-1,525,178,85,114
431,303,151,69,64,127,576,502,92,78,122,483,654,83,40,110,-1,526,179,85,114
437,305,152,69,64,126,580,504,92,78,122,484,661,83,40,111,-1,527,179,85,113
439,308,153,69,64,125,583,505,92,78,121,485,666,84,40,111,-1,529,178,85,113
439,310,154,69,64,125,587,500,92,78,121,486,672,84,40,111,-1,529,178,85,113
435,311,155,69,64,124,592,499,92,78,120,488,678,85,40,111,-1,526,176,85,113
428,309,156,69,64,123,596,498,92,78,119,489,682,85,40,111,-1,523,176,85,112
419,305,157,69,64,122,600,490,91,78,119,490,685,85,40,111,-1,516,174,85,112
407,302,157,69,64,122,604,477,91,78,118,491,687,86,40,111,-1,510,173,85,112
406,299,158,69,64,121,606,459,91,78,117,493,689,86,40,110,-1,505,172,85,112
396,296,158,69,64,120,604,442,90,78,116,495,688,86,40,110,-1,500,170,85,111
383,291,158,69,64,119,598,426,90,78,115,497,687,86,40,110,-1,494,169,84,110
371,286,158,69,64,118,592,411,89,78,114,500,685,87,40,110,-1,487,168,84,110
359,282,158,69,64,118,586,398,89,78,114,502,681,87,40,110,-1,481,167,84,110
348,278,158,69,64,117,578,388,88,78,113,505,678,87,40,110,-1,475,165,84,110
336,272,158,69,64,116,568,379,88,78,112,509,672,87,40,110,-1,470,164,84,109
327,268,157,69,64,116,559,373,87,78,111,512,668,87,40,109,-1,466,163,84,109
321,265,157,69,64,115,552,369,87,78,111,515,665,88,40,109,-1,463,162,84,108
314,260,156,69,64,114,544,364,87,78,110,518,659,88,40,109,-1,459,160,83,108
308,257,156,69,64,113,538,361,86,78,110,521,655,88,40,109,-1,456,159,83,108
303,253,155,69,64,113,532,359,86,77,109,524,651,88,40,109,-1,454,158,83,107
299,251,154,69,64,112,529,356,86,77,109,526,647,88,40,108,-1,452,157,83,107
294,248,154,68,63,112,529,352,85,77,108,529,642,88,40,108,-1,449,155,83,107
290,245,153,68,63,111,531,348,85,77,108,532,638,88,40,108,-1,446,154,82,106
288,243,152,68,63,111,533,346,85,77,108,534,634,88,40,108,-1,445,153,82,106
285,241,152,68,63,110,538,343,85,77,107,537,630,88,40,108,-1,443,151,82,106
284,240,151,68,63,110,545,341,84,77,107,539,626,88,40,108,-1,441,150,82,105
283,239,150,68,63,109,551,339,84,77,107,541,623,88,40,107,-1,439,148,82,105
282,238,150,68,63,109,557,337,84,76,107,543,619,88,39,107,-1,437,147,82,105
281,237,149,67,63,108,563,336,84,76,107,544,616,88,39,107,-1,435,146,81,105
280,236,148,67,63,108,572,335,84,76,107,546,613,88,40,107,-1,436,144,81,104
278,236,148,67,63,108,580,335,84,76,106,547,610,88,40,107,-1,436,143,81,104
278,236,147,67,63,107,589,334,83,76,106,548,607,88,39,107,-1,437,142,81,104
277,235,147,67,63,107,597,334,83,76,107,549,604,88,39,106,-1,437,140,81,104
277,235,146,67,63,107,603,334,83,76,107,549,601,88,39,106,-1,435,139,81,104
277,236,146,67,62,107,609,335,83,76,107,550,598,88,39,106,-1,435,138,81,104
278,236,145,66,62,107,616,335,83,76,107,551,596,88,39,106,-1,436,137,81,104
279,237,145,66,62,106,622,336,83,75,107,552,593,88,39,106,-1,438,136,80,104
280,238,144,66,62,106,627,336,83,75,107,552,591,87,39,106,-1,440,135,80,104
283,239,144,66,62,106,630,337,83,75,108,554,589,87,39,106,-1,441,134,80,104
286,241,144,66,62,106,633,338,83,75,108,555,587,87,39,106,-1,442,133,80,104
288,242,143,66,62,106,635,339,83,75,108,556,585,87,39,106,-1,444,132,80,104
291,244,143,66,62,106,640,341,83,75,109,558,583,87,39,106,-1,448,130,80,104
293,246,143,66,62,106,646,342,83,75,109,559,582,87,39,106,-1,449,130,79,104
296,248,143,66,62,106,652,343,83,75,109,560,581,87,39,106,-1,451,129,79,104
299,250,143,66,62,106,658,345,83,75,110,561,580,86,39,106,-1,453,128,79,104
302,252,143,66,62,106,664,347,83,75,110,562,578,86,39,106,-1,455,127,79,104
306,254,143,66,62,107,669,349,83,74,111,563,577,86,39,106,-1,455,126,79,104
310,258,143,66,62,107,676,351,83,75,111,565,576,86,39,106,-1,457,126,79,104
314,260,143,66,62,107,682,354,83,74,112,566,575,86,39,106,-1,458,125,79,105
318,263,143,66,62,108,684,357,84,74,112,568,573,86,39,107,-1,459,124,79,105
322,265,143,66,62,108,684,364,84,74,113,569,572,85,39,107,-1,461,124,79,105
326,268,143,66,62,109,683,368,84,74,114,570,571,85,39,107,-1,462,123,79,105
330,271,144,66,62,109,681,373,84,74,114,571,570,85,39,107,-1,464,123,78,106
334,274,144,66,62,110,679,376,84,74,115,572,569,85,39,107,-1,464,122,78,106
338,277,144,66,62,111,677,378,85,74,115,573,569,85,39,107,-1,465,121,78,106
342,280,145,66,62,111,674,379,85,74,116,575,568,85,39,108,-1,466,121,78,106
347,283,145,66,62,112,671,380,85,74,116,575,567,84,39,108,-1,467,121,78,107
352,285,145,66,62,112,670,381,85,74,117,576,567,84,39,108,-1,466,120,78,107
353,287,146,67,62,113,668,380,86,74,118,577,566,84,39,108,-1,464,120,78,107
352,287,146,67,62,113,665,379,86,74,118,579,566,84,39,109,-1,462,120,78,107
349,286,147,67,62,113,665,380,87,74,118,580,565,84,39,109,-1,459,119,78,107
348,286,148,67,62,113,664,380,87,75,119,582,564,84,40,109,-1,458,119,78,107
349,287,148,67,62,114,663,380,87,75,119,583,563,83,39,109,-1,458,118,78,107
351,288,149,67,62,114,660,380,87,75,119,585,562,83,39,109,-1,457,118,78,107
359,291,150,67,62,114,656,381,88,75,120,586,561,83,39,110,-1,457,118,78,107
363,293,150,68,62,114,651,380,89,75,120,587,559,83,40,110,-1,459,118,78,107
368,295,151,68,62,114,649,384,89,75,120,587,558,83,40,110,-1,459,117,78,108
369,297,152,68,62,114,649,388,90,75,120,587,557,83,40,110,-1,459,117,78,108
368,298,152,68,62,115,648,387,90,75,120,588,556,82,40,111,-1,458,117,78,108
369,299,153,68,62,115,650,386,90,75,120,588,555,82,40,111,-1,456,117,78,108
366,299,154,69,62,115,656,386,91,75,121,589,553,82,40,111,-1,452,117,78,108
363,298,155,69,62,115,657,383,91,75,121,589,552,82,40,111,-1,449,117,78,108
362,297,155,69,62,115,655,378,91,75,121,589,551,82,40,111,-1,447,116,78,109
354,293,156,69,62,115,649,363,90,75,121,587,549,82,40,112,-1,441,116,79,109
348,290,157,70,62,116,643,357,90,76,121,583,547,81,40,112,-1,437,116,79,109
341,285,157,70,62,116,635,352,90,76,121,577,545,81,40,112,-1,432,115,79,110
334,281,157,70,62,116,626,346,89,76,121,570,542,81,40,112,-1,426,115,79,110
327,276,157,70,62,117,617,344,89,76,121,561,538,81,40,112,-1,422,115,79,110
324,273,158,70,62,117,602,341,89,76,121,553,535,81,40,112,-1,420,115,79,111
321,271,158,70,62,118,592,340,89,76,121,545,531,81,40,113,-1,419,116,79,111
317,268,158,70,62,118,579,339,89,76,121,538,528,81,40,113,-1,416,116,79,111
315,267,158,71,62,118,569,339,89,76,121,531,525,81,40,113,-1,414,117,79,112
315,265,158,71,62,118,562,340,89,76,122,524,523,81,40,113,-1,414,117,78,112
317,265,158,71,62,118,554,341,89,76,122,519,520,80,40,113,-1,414,118,79,113
320,265,159,71,62,119,548,343,89,76,123,513,519,80,40,114,-1,414,119,79,113
324,265,159,71,62,119,543,345,89,76,123,508,517,80,40,114,-1,415,120,79,113
330,265,159,71,62,119,538,347,89,76,123,504,517,80,40,114,-1,416,120,79,114
336,266,160,71,62,119,534,350,90,76,124,500,516,80,40,114,-1,417,121,79,114
344,268,160,71,62,120,532,352,90,76,124,496,517,80,40,114,-1,419,123,79,114
350,270,161,71,62,121,530,355,90,76,125,492,517,80,40,115,-1,421,124,80,115
354,272,162,71,62,122,529,358,90,76,125,490,519,80,40,115,-1,424,125,80,116
357,274,163,71,63,122,528,361,91,76,126,487,520,80,40,115,-1,426,126,80,116
360,277,164,71,63,123,528,364,91,76,126,485,522,80,40,115,-1,428,128,80,116
364,279,165,72,63,124,529,368,91,77,127,483,523,80,40,115,-1,431,129,80,117
367,282,166,72,63,125,529,372,92,77,127,482,526,80,40,116,-1,433,131,81,117
370,286,167,72,63,126,530,375,92,77,128,480,528,80,40,116,-1,436,132,81,118
373,289,169,72,63,127,532,378,93,77,128,479,531,80,40,116,-1,438,134,81,118
375,293,170,72,63,128,534,382,93,77,129,477,534,80,40,116,-1,441,136,82,119
378,296,172,72,63,128,535,388,94,77,129,476,537,80,40,117,-1,443,137,82,119
381,301,174,72,63,129,537,393,94,77,130,475,540,80,40,117,-1,445,139,82,120
385,305,176,72,63,130,540,399,94,77,130,474,543,80,40,117,-1,448,141,82,120
390,309,179,73,64,131,542,408,95,78,131,472,547,80,40,117,-1,450,143,83,121
393,311,181,73,64,131,544,414,95,78,131,471,549,80,40,117,-1,452,145,83,122
397,314,184,73,64,132,547,422,96,78,132,471,553,81,40,118,-1,455,147,84,123
400,316,186,73,64,133,549,428,97,78,132,471,556,81,40,118,-1,457,150,84,123
405,318,188,73,64,134,551,434,97,78,133,470,559,81,40,118,-1,459,152,84,124
410,321,190,74,64,135,554,440,98,79,134,470,563,81,41,118,-1,463,155,85,125
413,323,192,74,65,135,555,443,99,79,134,470,566,81,41,119,-1,465,158,86,126
416,325,194,74,65,135,558,448,100,79,134,469,568,81,41,119,-1,468,160,86,126
418,326,196,74,65,135,560,449,100,79,134,468,571,82,41,119,-1,471,161,86,126
421,327,197,75,65,135,561,449,100,80,134,468,573,82,41,119,-1,473,163,87,126
423,328,199,75,65,134,563,454,100,80,134,467,576,82,41,120,-1,475,165,87,125
423,328,200,75,66,133,565,458,100,80,134,467,579,82,41,120,-1,479,167,87,125
425,330,202,75,66,133,567,465,100,80,133,466,581,83,41,120,-1,482,169,88,125
427,331,203,76,66,133,569,469,101,80,133,466,583,83,41,120,-1,484,171,88,125
427,331,204,76,66,132,571,470,101,81,133,466,586,83,41,120,-1,487,172,88,125
433,334,205,76,67,132,574,468,101,81,132,467,588,83,41,120,-1,489,172,88,124
436,335,206,76,67,131,576,474,102,81,132,467,590,84,41,120,-1,491,172,88,124
438,337,208,76,67,131,577,475,102,81,131,468,592,84,41,121,-1,492,173,88,124
441,339,209,77,67,130,579,475,102,81,131,470,593,84,41,121,-1,491,173,88,124
440,341,210,77,67,130,582,477,103,81,130,471,595,85,41,121,-1,491,173,88,123
439,342,212,77,67,129,583,478,103,81,130,472,596,85,41,121,-1,489,173,88,123
443,345,213,77,67,128,585,473,103,81,129,475,598,85,41,121,-1,487,172,88,123
442,346,215,77,67,127,586,459,102,82,128,477,599,85,41,121,-1,482,171,89,123
436,343,216,77,67,127,586,448,102,82,128,479,598,85,41,121,-1,478,170,89,122
425,339,218,77,68,126,582,430,101,82,127,482,597,86,41,121,-1,473,169,89,122
415,335,219,77,67,125,578,416,101,82,126,484,596,86,41,121,-1,470,168,89,121
403,331,219,77,67,125,575,406,100,82,126,486,593,86,41,121,-1,466,167,89,121
392,328,220,77,68,124,574,395,100,82,125,488,590,86,41,121,-1,463,167,89,120
382,325,220,77,67,123,575,385,99,81,124,490,587,86,41,120,-1,459,166,89,120
373,321,220,77,67,123,574,378,99,82,124,492,583,87,41,120,-1,457,165,89,119
367,317,220,77,67,122,571,372,99,81,123,494,579,87,41,120,-1,455,164,89,119
360,311,219,77,67,121,566,366,98,81,123,496,574,87,40,120,-1,454,163,88,118
353,308,219,77,67,120,561,361,98,81,122,498,570,87,41,120,-1,453,162,88,118
350,305,218,77,67,120,556,357,98,81,122,499,567,87,41,120,-1,453,162,88,118
345,302,218,76,67,119,550,353,97,81,121,501,562,87,41,119,-1,452,161,88,117
341,299,217,76,67,118,545,350,97,81,120,503,559,87,40,119,-1,452,160,87,117
336,297,216,76,67,118,542,345,97,81,120,505,555,87,40,119,-1,454,159,87,116
331,295,215,76,67,117,539,342,97,81,119,507,551,87,40,118,-1,455,158,87,116
327,294,214,76,67,116,537,342,97,81,119,509,548,87,40,118,-1,456,157,87,116
323,292,213,76,67,116,534,342,97,80,118,511,545,87,40,118,-1,457,156,87,115
320,291,212,76,67,115,532,340,96,80,118,513,542,87,40,118,-1,459,155,87,115
318,291,211,76,67,114,529,340,96,80,117,516,539,87,40,118,-1,463,153,87,115
319,290,210,76,67,114,528,340,96,80,117,518,536,87,40,117,-1,465,153,87,115
319,290,209,75,67,113,529,339,96,80,117,520,534,87,40,117,-1,466,152,86,114
319,289,208,75,67,113,529,337,96,80,117,522,531,87,40,117,-1,469,151,86,114
319,289,208,75,66,112,530,336,96,80,116,524,529,87,40,117,-1,472,150,86,114
321,289,207,75,66,112,531,336,96,80,116,526,527,87,40,116,-1,476,149,86,113
325,290,206,75,66,112,532,336,96,80,116,528,526,87,40,116,-1,480,148,86,113
330,291,205,75,66,111,533,336,96,79,116,530,524,87,40,116,-1,484,147,86,113
337,292,205,75,66,111,533,337,96,79,116,532,523,87,40,116,-1,487,147,85,113
343,293,204,75,66,111,535,338,96,79,116,534,522,86,40,115,-1,490,146,85,113
348,294,204,75,66,110,538,340,96,79,116,536,520,86,40,115,-1,492,145,85,112
356,296,203,75,66,110,541,341,96,79,116,538,520,86,40,115,-1,494,144,85,112
368,299,203,75,66,110,543,341,96,79,116,541,519,86,40,114,-1,497,143,85,112
372,300,202,75,66,110,544,341,96,79,116,542,518,86,40,114,-1,499,143,85,112
377,304,202,75,66,109,548,341,96,78,116,545,517,86,40,114,-1,504,142,84,112
379,307,202,75,66,109,550,342,96,78,116,546,517,86,40,114,-1,506,142,84,112
384,310,202,75,66,109,555,347,96,78,116,548,516,86,40,113,-1,510,141,84,112
387,313,202,75,65,109,558,348,96,78,116,550,516,85,40,113,-1,513,140,84,112
391,316,202,75,65,108,562,347,96,78,117,552,515,85,40,113,-1,517,140,84,112
394,319,202,75,65,108,566,350,97,78,117,554,515,85,40,113,-1,519,139,84,112
397,322,202,75,65,109,570,354,97,78,117,556,515,85,40,113,-1,522,139,84,112
399,324,202,75,65,108,575,358,97,78,117,557,515,85,40,113,-1,524,138,84,112
399,325,202,75,65,108,576,358,97,78,117,558,515,85,40,113,-1,525,137,84,112
398,326,203,75,65,108,578,360,97,78,117,559,515,85,40,113,-1,527,137,84,112
398,327,203,75,65,108,580,359,97,78,117,560,515,84,40,112,-1,527,136,84,112
406,329,203,75,65,108,580,359,97,78,117,561,515,84,40,112,-1,528,136,85,112
415,332,203,75,65,107,580,359,97,77,117,561,515,84,40,112,-1,528,136,85,112
427,336,203,76,65,107,581,361,97,77,117,561,516,84,40,112,-1,529,135,85,111
431,339,204,76,65,107,583,366,97,77,117,561,516,84,40,112,-1,527,135,85,111
431,340,204,76,65,107,588,370,97,77,117,561,516,83,40,112,-1,522,134,85,111
431,340,204,76,65,107,591,370,98,77,116,560,516,83,40,112,-1,519,134,85,111
430,340,204,76,65,106,595,371,98,77,116,560,516,83,40,112,-1,517,134,85,111
429,340,205,76,65,106,600,376,99,78,116,560,516,83,40,112,-1,513,133,85,111
426,339,205,77,65,106,602,375,99,77,116,560,516,83,40,112,-1,510,133,85,112
423,338,205,77,65,106,604,375,99,77,116,560,515,83,40,112,-1,508,133,85,111
415,336,205,77,65,106,605,377,99,77,116,559,514,82,40,112,-1,502,133,85,111
419,335,205,77,65,106,606,377,99,78,116,557,513,82,40,112,-1,499,132,85,112
411,332,205,77,65,106,601,372,98,78,116,553,512,82,40,112,-1,492,132,85,112
403,327,205,77,65,106,593,364,98,78,116,547,509,82,40,112,-1,485,132,86,112
399,324,205,78,65,106,589,355,98,78,116,541,506,82,40,112,-1,479,131,85,112
398,322,205,78,65,106,582,346,97,78,116,533,502,82,40,112,-1,472,132,85,112
393,319,205,78,65,106,576,342,97,78,116,525,498,82,40,112,-1,468,132,85,113
384,316,205,78,65,106,569,339,97,78,116,520,495,81,40,112,-1,466,132,85,113
377,313,204,78,65,106,559,338,96,78,116,513,491,81,40,112,-1,463,132,85,113
368,309,204,78,65,106,547,337,96,78,116,504,486,81,40,112,-1,461,131,84,113
365,308,204,78,64,106,538,338,96,78,116,498,482,81,40,112,-1,460,131,84,114
367,308,204,78,65,106,533,339,96,78,116,493,480,81,40,112,-1,460,132,84,114
370,309,204,78,64,106,527,340,95,78,117,487,477,81,40,112,-1,459,132,84,114
373,309,204,78,64,106,524,340,95,78,117,482,474,81,40,112,-1,459,132,84,114
375,310,204,78,64,106,521,339,95,78,117,477,472,81,40,113,-1,459,132,84,114
376,310,205,78,64,107,519,340,95,78,117,474,471,81,40,113,-1,459,133,84,115
378,311,205,78,64,107,517,341,95,78,118,470,469,81,40,113,-1,460,133,84,115
379,312,206,79,64,107,517,343,95,78,118,468,469,81,40,113,-1,460,134,84,115
382,314,207,79,64,107,516,352,95,78,118,464,468,81,40,113,-1,461,134,84,116
385,316,208,79,64,108,516,361,95,78,119,461,469,81,40,113,-1,461,135,84,116
389,318,209,79,64,108,516,367,95,78,119,459,469,81,40,113,-1,461,136,84,116
394,320,210,79,64,109,517,375,95,78,119,457,470,81,40,114,-1,461,136,84,116
399,323,212,79,64,109,519,380,96,78,120,455,471,81,40,114,-1,462,137,84,117
406,326,213,79,64,110,520,385,96,78,120,454,472,81,40,114,-1,463,138,85,117
414,329,215,79,64,111,522,386,96,79,121,452,473,81,40,114,-1,464,139,85,118
422,332,217,79,64,111,524,387,97,79,121,451,475,81,40,114,-1,465,140,85,118
430,335,219,79,64,112,526,388,97,79,121,450,477,81,40,115,-1,466,141,85,119
436,338,221,79,64,112,529,393,98,79,122,449,480,81,40,115,-1,467,142,85,119
441,342,223,79,64,112,531,395,98,79,122,448,483,81,40,115,-1,468,143,85,120
447,346,225,79,64,112,533,398,98,79,121,448,487,81,40,115,-1,469,143,85,120
453,351,228,80,64,111,537,402,97,79,121,447,491,81,40,116,-1,471,144,86,119
459,356,230,80,64,111,540,403,97,80,121,448,495,82,40,116,-1,473,145,86,119
464,361,232,80,64,111,544,407,97,80,120,447,500,82,40,116,-1,475,146,86,119
469,366,234,80,64,110,548,414,96,80,120,448,504,82,40,116,-1,478,146,86,118
476,371,237,80,65,110,552,420,97,80,119,448,510,82,40,116,-1,480,147,85,118
482,376,239,80,65,109,556,426,96,80,119,449,515,82,40,116,-1,482,147,86,118
489,382,242,80,65,109,561,440,96,80,118,449,520,82,40,116,-1,484,149,86,117
497,390,244,80,65,108,565,442,97,80,118,450,526,82,40,116,-1,485,151,85,117
509,399,247,80,65,108,570,441,96,80,117,451,532,83,40,116,-1,485,154,85,116
518,405,249,81,65,107,574,436,96,80,117,452,538,83,40,117,-1,488,156,85,116
521,411,252,80,65,106,579,442,96,80,116,452,544,83,40,116,-1,488,157,85,115
523,415,255,80,65,106,585,438,96,80,115,454,551,83,40,116,-1,488,158,85,115
517,414,258,80,65,105,593,433,96,80,114,455,557,83,40,116,-1,487,157,85,115
512,413,260,80,65,105,600,431,95,80,113,456,563,83,40,116,-1,480,157,85,114
508,411,262,80,65,104,604,422,95,80,112,457,568,83,40,116,-1,476,156,85,114
494,404,264,80,64,103,602,405,95,80,111,459,574,83,40,116,-1,472,155,85,113
484,396,265,80,64,103,592,388,94,80,110,461,579,83,40,116,-1,468,154,84,112
482,389,265,80,64,102,584,376,94,80,110,462,583,83,40,116,-1,465,153,84,112
479,382,265,80,64,102,576,362,93,80,109,464,587,83,40,115,-1,462,153,84,111
468,375,265,80,64,101,568,349,93,80,108,466,590,83,40,115,-1,459,152,84,111
455,367,265,80,64,100,561,340,92,79,107,468,592,83,40,115,-1,454,151,84,110
439,359,264,79,64,100,554,330,92,79,107,471,594,83,40,114,-1,451,150,84,110
430,353,263,79,64,99,552,324,91,79,106,473,596,83,40,114,-1,449,149,83,109
418,347,262,79,64,99,550,317,91,79,105,476,597,83,40,114,-1,447,148,83,108
405,341,261,79,64,98,548,311,90,79,104,479,598,83,40,114,-1,450,147,83,108
396,336,260,79,64,98,550,306,90,79,104,481,599,83,40,113,-1,452,146,82,107
389,331,258,78,63,97,552,302,90,79,103,484,600,83,40,113,-1,454,145,82,107
385,328,258,78,63,97,554,299,90,78,103,485,600,83,39,112,-1,456,145,82,106
379,322,256,78,63,96,556,295,89,78,102,488,600,83,40,112,-1,459,144,82,106
376,319,255,78,63,96,558,292,89,78,101,490,600,83,39,112,-1,461,143,82,105
375,316,253,78,63,95,562,289,89,78,100,493,599,83,39,111,-1,463,142,82,105
374,314,252,77,63,95,565,288,89,78,100,495,598,82,39,111,-1,464,141,81,105
374,312,251,77,63,95,568,287,88,78,100,496,597,82,39,111,-1,464,140,81,105
375,311,249,77,63,94,574,289,88,78,99,499,594,82,39,110,-1,463,139,81,104
377,310,248,77,63,94,580,291,88,77,99,501,592,82,39,110,-1,464,138,81,104
379,310,247,77,63,94,586,294,88,77,99,503,590,82,39,110,-1,465,138,81,104
382,309,245,76,63,94,592,296,88,77,99,505,588,82,39,109,-1,465,137,81,104
387,310,244,76,63,93,597,298,88,77,99,506,585,82,39,109,-1,466,136,80,103
388,310,243,76,63,93,603,301,87,77,98,508,583,82,39,109,-1,467,135,80,103
394,311,242,76,62,93,610,303,87,77,98,510,580,81,39,108,-1,468,134,80,103
399,312,241,76,62,93,616,306,87,77,98,512,578,81,39,108,-1,470,134,80,102
400,314,240,76,62,92,624,310,87,76,98,514,575,81,39,107,-1,472,133,80,102
401,315,240,75,62,92,629,314,87,76,98,516,573,81,39,107,-1,473,132,80,102
403,316,239,75,62,92,634,319,87,76,98,518,571,81,39,107,-1,476,132,79,102
405,318,239,75,62,92,639,322,87,76,98,519,569,81,39,107,-1,480,131,79,102
410,321,238,75,62,92,643,326,87,76,98,521,566,80,39,106,-1,485,131,79,102
415,323,237,75,62,92,648,328,87,76,98,522,564,80,39,106,-1,490,130,79,102
419,326,237,75,62,92,650,332,87,76,98,523,562,80,39,106,-1,494,130,79,101
426,331,236,75,62,92,654,342,87,76,99,525,560,80,39,106,-1,500,129,79,101
432,333,236,75,62,92,657,347,87,75,99,526,558,80,39,105,-1,504,129,79,101
438,338,236,75,62,92,661,352,87,75,99,528,556,80,39,105,-1,509,128,79,101
442,341,236,75,62,92,665,358,87,75,99,529,554,79,39,105,-1,513,128,79,101
445,345,236,75,62,92,668,365,87,75,99,531,552,79,39,105,-1,518,128,79,101
448,349,236,75,62,92,672,370,87,75,99,533,550,79,39,105,-1,523,128,79,101
451,352,236,75,62,92,674,373,87,75,100,535,548,79,39,104,-1,527,128,79,101
457,356,236,75,62,92,676,376,88,75,100,537,547,79,39,104,-1,531,128,78,101
462,361,236,75,62,92,677,376,88,75,100,538,545,78,39,104,-1,532,128,79,101
471,367,237,75,62,92,676,377,88,75,100,541,544,78,39,104,-1,535,128,79,101
483,376,237,75,62,92,676,378,88,75,100,542,542,78,39,104,-1,539,128,79,101
495,384,237,75,62,92,676,379,88,75,100,544,541,78,39,104,-1,542,128,79,100
501,390,238,75,61,92,677,381,88,75,100,546,540,78,39,104,-1,543,127,78,100
509,395,239,75,62,92,679,382,88,75,100,547,539,78,39,103,-1,545,127,79,101
516,399,240,75,61,92,681,379,89,74,100,549,538,77,39,103,-1,546,127,79,100
517,402,240,75,62,92,679,377,89,74,100,550,537,77,39,103,-1,544,127,79,100
518,404,241,75,61,92,679,382,89,74,100,552,537,77,39,103,-1,542,127,79,100
518,404,242,75,62,92,681,379,89,74,100,553,536,77,39,103,-1,540,127,79,100
515,404,243,75,61,92,678,374,89,74,100,555,536,77,39,103,-1,535,127,79,100
512,402,244,76,61,92,674,368,89,74,100,556,535,77,39,103,-1,530,127,79,100
512,400,244,76,61,92,668,360,89,74,101,557,534,77,39,103,-1,528,126,79,100
500,395,244,76,61,92,659,349,88,74,100,556,533,76,39,103,-1,517,126,79,100
492,390,244,76,61,92,650,341,88,74,101,553,531,76,39,103,-1,511,126,80,100
485,385,244,76,61,92,635,337,88,74,101,549,530,76,39,103,-1,504,126,80,100
475,379,244,76,62,92,619,337,87,74,101,545,529,76,39,103,-1,495,126,80,100
466,376,243,76,61,92,608,337,87,74,101,542,529,76,39,103,-1,496,126,80,100
454,370,243,76,61,92,597,342,88,74,101,538,530,76,39,103,-1,498,127,79,100
446,366,243,76,61,92,586,346,88,74,101,536,532,76,39,103,-1,500,129,79,100
438,361,242,76,61,93,574,351,88,74,101,533,535,76,39,103,-1,504,133,79,100
435,358,242,77,61,93,569,356,88,74,101,532,538,75,39,103,-1,507,136,79,101
434,356,243,77,61,93,564,363,88,74,101,531,543,75,39,103,-1,511,140,79,101
438,354,243,77,61,93,560,371,88,74,101,531,550,75,39,103,-1,516,146,79,101
446,354,244,77,61,93,558,377,89,74,101,531,557,75,39,103,-1,520,151,79,101
456,355,245,77,61,93,557,385,89,74,101,531,564,75,39,103,-1,524,155,79,101
466,357,247,77,61,94,557,392,90,74,101,532,573,75,39,103,-1,529,161,80,102
480,363,248,77,61,94,559,399,90,74,101,534,582,75,39,103,-1,534,165,79,102
493,373,251,77,61,94,561,408,90,74,101,535,592,75,39,104,-1,538,170,79,103
511,383,253,77,61,95,565,416,91,74,102,536,602,75,39,104,-1,542,174,79,103
531,395,256,77,62,95,570,422,91,74,102,538,613,75,39,104,-1,547,178,79,104
543,404,259,77,62,96,575,427,91,74,103,539,623,75,39,104,-1,551,182,80,104
544,406,262,77,62,96,578,429,91,74,103,540,634,75,39,104,-1,552,185,80,105
543,408,265,78,62,96,580,429,92,74,103,541,645,76,39,104,-1,555,187,80,105
544,411,269,78,62,97,583,431,92,74,104,541,654,76,39,104,-1,559,190,80,106
546,414,272,78,62,97,585,432,92,74,104,541,663,76,39,104,-1,564,192,80,106
549,416,276,78,62,98,589,435,92,74,104,542,673,76,39,104,-1,568,195,80,106
551,417,279,79,62,98,593,438,92,74,105,542,681,77,39,105,-1,571,196,80,107
552,417,282,79,62,99,597,440,93,74,105,542,689,77,39,105,-1,576,198,80,107
554,418,285,79,62,99,602,443,93,74,105,542,696,77,39,105,-1,581,200,80,108
555,420,288,80,62,100,606,446,93,74,106,543,703,77,39,105,-1,586,202,80,108
555,422,291,80,62,101,610,451,94,74,106,543,708,78,39,105,-1,592,205,81,109
554,424,294,80,62,101,613,456,94,74,106,544,715,78,39,106,-1,597,207,81,109
554,425,296,81,62,102,617,461,95,75,107,544,721,78,39,106,-1,603,209,81,110
555,427,299,81,62,102,621,467,95,75,107,544,728,79,39,106,-1,609,212,81,111
557,429,303,82,62,103,626,472,96,75,107,545,734,79,39,106,-1,614,214,81,111
560,430,306,82,62,104,629,476,97,75,108,545,739,79,40,107,-1,618,215,82,112
565,431,310,83,63,104,633,483,98,75,108,546,745,80,40,107,-1,625,218,82,113
569,434,312,83,63,105,636,490,99,75,108,547,751,80,40,107,-1,630,220,82,113
576,438,316,84,63,106,640,497,99,75,109,548,758,81,40,107,-1,636,222,82,114
582,440,320,85,63,106,645,500,100,75,109,549,763,81,40,107,-1,639,223,83,115
588,444,325,86,63,106,653,499,100,76,109,551,771,81,40,108,-1,645,225,83,115
592,447,327,86,63,106,661,502,101,76,109,552,777,82,40,108,-1,648,226,83,115
595,451,331,87,63,106,666,503,101,76,109,553,784,82,40,108,-1,650,226,84,115
601,455,335,88,64,105,674,505,101,76,108,555,791,83,40,109,-1,655,226,84,114
606,459,337,88,64,105,678,513,101,76,108,556,797,83,40,109,-1,658,226,84,114
613,464,340,89,64,104,683,525,102,76,108,558,803,84,40,109,-1,663,225,84,114
624,471,346,89,64,104,688,537,103,76,107,560,809,84,40,109,-1,669,224,84,114
636,478,346,90,64,103,693,542,104,76,107,562,815,85,40,109,-1,672,224,84,113
648,486,348,90,64,103,698,541,105,76,107,564,821,85,40,109,-1,671,224,84,113
659,493,350,91,64,102,702,538,106,77,106,565,829,85,40,109,-1,673,224,84,113
660,496,353,91,64,102,703,539,106,77,106,567,834,86,40,110,-1,671,224,84,113
659,500,354,91,64,102,706,535,106,77,105,568,840,86,40,110,-1,667,224,85,112
660,504,358,92,65,101,708,524,105,77,105,569,847,87,40,110,-1,664,223,85,112
658,507,362,92,65,101,709,514,105,77,104,571,852,87,40,110,-1,661,222,85,112
649,507,365,92,65,101,713,508,104,77,104,572,856,88,40,110,-1,653,221,85,112
638,505,368,92,65,100,715,496,104,77,103,573,858,88,40,110,-1,650,219,85,112
632,503,370,93,65,100,714,486,103,77,103,575,859,88,40,109,-1,647,217,85,111
620,496,373,93,65,99,710,467,102,77,102,576,859,88,40,109,-1,638,216,85,111
609,489,375,93,65,99,707,451,102,77,102,578,857,89,40,109,-1,631,214,85,111
601,484,375,93,65,99,705,439,101,77,101,579,854,89,40,109,-1,626,213,85,110
586,476,375,93,65,98,703,426,101,77,101,581,850,89,40,109,-1,620,211,85,110
575,467,375,93,65,98,701,415,100,77,100,582,846,90,40,109,-1,615,209,85,110
562,456,374,93,65,97,698,400,100,77,100,584,841,90,40,108,-1,617,207,85,109
552,447,372,93,64,96,697,389,100,77,99,586,837,90,40,108,-1,618,205,85,109
544,441,371,93,64,96,697,383,99,77,99,587,834,90,40,108,-1,618,204,85,109
537,431,369,93,64,96,697,374,99,77,99,589,830,90,40,108,-1,619,202,85,108
532,425,367,93,64,95,697,369,99,77,98,590,827,90,40,108,-1,620,201,84,108
528,419,365,92,64,95,698,364,98,76,98,592,824,91,40,107,-1,621,199,84,108
523,413,363,92,64,94,698,359,98,76,98,593,821,91,40,107,-1,622,197,84,108
517,406,360,92,64,94,701,355,98,76,97,595,818,91,40,107,-1,624,195,84,107
513,401,358,92,64,94,703,353,97,76,97,596,816,91,40,107,-1,625,194,84,107
509,397,356,92,64,93,706,352,97,76,97,598,814,91,40,107,-1,627,193,84,107
507,393,353,91,64,93,708,351,96,76,97,599,811,91,40,106,-1,630,191,84,107
506,390,351,91,64,93,709,351,96,76,97,600,809,91,40,106,-1,632,190,83,106
507,388,348,91,64,93,711,348,96,76,97,602,806,91,40,106,-1,635,189,83,106
508,386,346,91,64,92,713,347,95,76,97,603,802,91,40,105,-1,637,188,83,106
510,386,344,91,64,92,715,346,95,75,97,605,799,91,40,105,-1,639,187,83,106
514,386,341,90,64,92,718,346,95,76,97,606,794,91,40,105,-1,642,186,83,105
522,387,339,90,64,92,721,346,95,75,97,608,789,91,40,105,-1,644,186,83,105
534,389,337,90,64,92,723,346,95,75,97,610,785,91,40,105,-1,647,186,83,105
545,392,335,90,64,91,725,347,94,75,97,612,780,91,40,104,-1,650,185,83,105
562,397,332,89,64,91,726,348,94,75,97,614,776,91,39,104,-1,652,185,82,105
574,402,330,89,63,91,728,353,94,75,97,616,771,91,39,104,-1,654,185,82,105
583,405,328,89,63,91,731,356,94,75,98,618,769,91,40,104,-1,656,185,82,104
595,416,326,89,63,91,735,367,93,75,98,621,764,90,39,104,-1,659,185,82,104
602,425,324,89,63,91,738,371,93,75,98,622,761,90,39,104,-1,661,185,82,104
609,432,323,88,63,91,743,375,93,75,98,624,758,90,39,104,-1,663,184,82,104
611,437,321,88,63,91,747,379,93,74,98,626,754,90,39,104,-1,667,185,82,104
613,443,320,88,63,91,751,382,93,75,99,627,751,90,40,104,-1,669,185,82,104
617,450,319,88,63,91,755,385,93,74,99,629,748,90,39,104,-1,671,185,82,104
623,456,318,87,63,91,759,389,92,74,99,630,744,90,39,103,-1,671,185,82,104
628,461,317,87,63,91,762,395,92,74,100,631,741,90,39,103,-1,673,185,81,104
628,466,317,87,63,91,765,400,92,74,100,633,737,89,40,104,-1,674,184,81,104
627,469,316,87,63,91,766,402,92,74,100,634,734,89,39,104,-1,673,184,81,104
626,472,316,87,63,91,767,404,92,74,101,635,731,89,39,104,-1,671,183,81,105
626,474,315,87,63,91,767,403,92,74,101,636,727,89,39,104,-1,671,182,81,105
627,478,315,86,63,91,768,406,92,74,101,638,724,89,39,104,-1,670,181,81,105
630,483,315,86,63,91,769,407,92,74,101,638,721,88,39,104,-1,669,181,81,105
633,489,315,86,63,91,769,409,92,74,102,639,718,88,39,104,-1,668,180,81,105
635,497,315,86,63,91,770,412,92,74,102,639,714,88,39,104,-1,667,179,81,105
637,505,316,86,63,91,769,412,92,74,103,640,710,88,39,104,-1,666,178,81,105
639,509,318,86,63,91,768,412,92,74,103,640,708,88,39,104,-1,663,178,81,105
643,516,320,86,63,91,765,409,92,74,103,641,703,87,39,104,-1,659,177,81,106
643,520,322,86,63,92,763,407,92,74,103,642,700,87,39,104,-1,657,176,81,106
644,523,325,86,62,92,761,407,92,73,104,644,697,87,39,105,-1,655,175,81,106
645,526,327,86,63,92,758,406,92,73,104,645,693,87,39,105,-1,654,175,81,106
646,528,330,86,62,92,755,405,92,74,104,646,691,87,39,105,-1,653,174,81,106
646,530,332,86,62,92,753,406,92,74,104,647,689,86,39,105,-1,652,173,81,106
647,532,334,86,63,92,752,405,93,74,104,648,686,86,39,105,-1,650,173,81,106
646,533,338,85,62,92,750,403,93,74,104,649,683,86,39,105,-1,648,172,81,106
647,533,342,86,63,92,749,401,93,74,105,650,681,86,39,105,-1,646,171,81,106
646,532,347,86,62,92,747,403,94,74,105,650,678,86,39,105,-1,643,171,81,106
644,529,350,86,62,92,743,403,94,74,105,650,676,86,40,106,-1,639,170,81,106
639,525,354,86,62,92,740,402,94,74,105,650,674,85,40,106,-1,633,169,81,106
625,517,358,86,62,92,736,403,94,74,105,651,672,85,40,106,-1,627,169,81,106
610,508,360,86,62,92,729,397,93,74,106,651,668,85,40,106,-1,620,167,81,106
599,497,362,86,62,92,721,391,93,74,106,646,665,85,40,106,-1,612,167,82,107
587,487,363,86,62,92,713,386,93,74,106,641,662,85,40,106,-1,605,166,82,107
573,478,362,86,63,92,701,379,92,74,107,634,658,85,40,106,-1,597,165,82,107
554,466,361,86,63,92,688,376,92,74,107,624,653,84,40,107,-1,589,165,81,107
538,457,360,86,63,93,677,375,92,74,107,616,649,84,40,107,-1,584,165,81,107
525,448,359,86,63,93,665,377,92,74,108,609,645,84,40,107,-1,582,164,81,107
513,440,358,86,63,93,653,380,92,74,108,603,642,84,40,107,-1,581,165,81,108
503,436,357,86,63,93,640,383,92,74,108,598,639,84,40,107,-1,580,166,81,108
495,430,356,86,63,93,631,386,92,74,109,592,636,84,40,107,-1,580,166,81,108
490,426,355,86,63,93,626,388,92,75,109,587,635,84,40,108,-1,581,166,81,108
486,421,354,86,63,94,620,391,92,75,110,582,634,84,40,108,-1,583,167,82,109
484,419,353,86,63,94,617,393,92,75,110,578,634,83,40,108,-1,584,168,82,109
483,415,352,86,63,94,615,395,92,75,110,572,634,83,40,108,-1,585,168,82,109
486,413,351,85,63,95,614,397,92,75,111,568,635,83,40,109,-1,585,169,82,110
491,412,350,85,63,95,614,399,92,75,111,564,636,83,40,109,-1,586,169,82,110
495,412,349,85,63,96,615,402,92,75,111,560,638,83,40,109,-1,588,170,82,110
500,412,349,85,63,96,617,404,92,75,112,556,640,83,40,109,-1,590,170,82,111
503,411,348,85,63,97,620,406,92,75,112,553,642,83,40,110,-1,593,171,82,111
506,411,347,85,63,97,623,408,92,75,112,550,646,83,40,110,-1,595,172,82,111
508,412,347,85,63,98,627,410,92,75,112,548,649,83,40,110,-1,599,173,82,112
510,412,347,85,63,98,630,412,92,76,113,545,652,83,40,111,-1,601,174,83,112
511,411,346,85,63,99,632,414,92,76,113,543,655,83,40,111,-1,603,175,83,113
513,410,346,86,63,99,639,416,93,76,113,541,659,83,40,111,-1,605,176,83,113
516,410,346,86,63,100,646,418,93,76,114,539,663,83,40,112,-1,609,177,83,113
522,411,346,86,63,100,651,421,93,76,114,537,667,83,40,112,-1,612,178,83,114
528,412,346,86,63,101,655,427,93,76,114,535,671,83,40,112,-1,617,179,84,114
534,414,347,86,63,101,658,430,94,76,115,534,675,83,40,113,-1,621,181,84,114
539,416,347,86,63,102,660,433,94,77,115,533,680,84,40,113,-1,625,182,84,115
545,418,348,87,63,102,662,438,95,77,115,532,685,84,41,113,-1,629,184,85,115
554,421,348,87,64,103,665,443,95,77,116,531,690,84,41,114,-1,634,186,85,116
559,423,349,87,64,104,668,448,96,77,117,531,695,84,41,114,-1,638,188,85,116
563,426,350,88,64,104,670,452,96,78,117,530,699,84,41,115,-1,642,190,85,117
568,430,351,88,64,105,673,457,97,78,118,530,704,84,41,115,-1,645,192,86,117
572,434,352,88,64,106,675,463,97,78,118,530,709,84,41,116,-1,648,194,86,118
576,438,353,89,64,106,679,468,98,78,119,530,713,85,41,116,-1,652,196,87,118
580,443,355,89,64,107,683,474,99,79,119,530,718,85,41,117,-1,657,198,87,119
